id,first_name,last_name,email,phone,bday
1,Frederique,Bowering,fbowering0@pcworld.com,+7 779 634 5183,12/27/2022
2,Pietro,Berni,pberni1@ask.com,+86 999 990 6736,09/17/2022
3,Cesare,Rackstraw,crackstraw2@un.org,+970 251 995 6245,03/07/2022
4,Lina,Smithson,lsmithson3@netvibes.com,+86 222 485 4132,07/05/2022
5,Johnathon,Kembry,jkembry4@marketwatch.com,+62 788 963 2755,12/05/2022
6,Cecile,Gissing,cgissing5@imageshack.us,+86 135 399 8438,10/16/2022
7,Horton,Coultass,hcoultass6@oaic.gov.au,+86 149 552 1126,10/18/2022
8,Gardner,Pre,gpre7@chron.com,+62 431 530 0111,06/11/2022
9,Marice,Cestard,mcestard8@weibo.com,+60 742 881 4240,07/02/2022
10,Averill,Rowden,arowden9@nba.com,+55 500 444 7380,08/24/2022
11,Courtney,Cuming,ccuminga@php.net,+380 261 479 5831,10/20/2022
12,Marnia,Ledgley,mledgleyb@myspace.com,+31 544 406 0310,11/29/2022
13,Randie,Piegrome,rpiegromec@google.pl,+267 422 739 9164,10/13/2022
14,L;urette,Browse,lbrowsed@yelp.com,+1 910 256 3593,11/07/2022
15,Chris,Casiroli,ccasirolie@hhs.gov,+46 580 888 6026,04/16/2022
16,Lorene,Benez,lbenezf@si.edu,+351 477 826 4671,11/13/2022
17,Tanya,Bleasby,tbleasbyg@imdb.com,+62 642 471 7419,01/10/2023
18,Tildie,Maybury,tmayburyh@clickbank.net,+81 624 468 8578,12/03/2022
19,Alli,Kliemke,akliemkei@geocities.com,+66 505 779 8192,09/14/2022
20,Sinclair,Birtwistle,sbirtwistlej@forbes.com,+86 431 429 6572,12/15/2022
21,Leon,Rye,lryek@dedecms.com,+1 107 343 7860,01/11/2023
22,Hedvige,Nacci,hnaccil@mit.edu,+7 728 530 2089,01/22/2022
23,Edd,O'Garmen,eogarmenm@technorati.com,+63 290 313 6962,02/01/2022
24,Shaina,Slight,sslightn@cnbc.com,+381 710 423 6619,07/13/2022
25,Hubey,Marl,hmarlo@google.es,+55 121 296 3193,04/17/2022
26,Franklin,McMechan,fmcmechanp@businessinsider.com,+86 789 119 4435,09/12/2022
27,Wash,Dawkins,wdawkinsq@mysql.com,+86 190 953 8251,10/16/2022
28,Rozanne,Gothard,rgothardr@foxnews.com,+86 923 205 0552,02/08/2022
29,Blakeley,Kingwell,bkingwells@marketwatch.com,+20 690 913 1583,06/07/2022
30,Adah,Wilsone,awilsonet@state.tx.us,+30 404 529 0003,08/15/2022
31,Ninon,Maguire,nmaguireu@ehow.com,+62 127 150 3127,04/21/2022
32,Mariele,Emerson,memersonv@chron.com,+62 881 856 0663,01/31/2022
33,Ceil,Malyon,cmalyonw@example.com,+86 807 500 5844,04/08/2022
34,Freddy,Larkings,flarkingsx@paypal.com,+62 955 238 9769,07/09/2022
35,Gerri,Paz,gpazy@meetup.com,+62 959 430 8541,03/29/2022
36,Zarla,Loan,zloanz@archive.org,+86 623 764 3215,12/13/2022
37,Elysha,Harniman,eharniman10@uol.com.br,+212 560 717 6474,10/29/2022
38,Bamby,Balham,bbalham11@purevolume.com,+52 511 994 4710,07/26/2022
39,Genvieve,Kubczak,gkubczak12@fastcompany.com,+380 973 614 1732,02/12/2022
40,Silvan,Gauford,sgauford13@apple.com,+55 827 552 7706,06/30/2022
41,Abbie,Assante,aassante14@toplist.cz,+48 663 874 3614,09/29/2022
42,Rubie,Puddin,rpuddin15@liveinternet.ru,+62 246 402 1986,04/12/2022
43,Kaela,Mart,kmart16@auda.org.au,+62 706 392 4681,12/02/2022
44,Berky,MacPake,bmacpake17@geocities.jp,+86 647 824 8807,10/07/2022
45,Saraann,Oglevie,soglevie18@statcounter.com,+62 877 760 4241,07/11/2022
46,Myrtle,Allworthy,mallworthy19@angelfire.com,+54 950 137 7707,04/22/2022
47,Tobin,Francais,tfrancais1a@angelfire.com,+48 202 651 4576,04/17/2022
48,Gibb,Pavey,gpavey1b@wired.com,+63 228 194 5409,11/18/2022
49,Trent,Stansbury,tstansbury1c@liveinternet.ru,+351 788 975 8593,11/15/2022
50,Julianna,Sailor,jsailor1d@reference.com,+374 695 563 5400,05/01/2022
